;meta[language=en]
; id      |key(hex)|key(str)| text
2118800001|        |panel_AutonomousRomance|Autonomous Romance
2118800002|        |panel_MCM_AR|Autonomous Romance
2118800003|        |panel_MCME_AutonomousRomance|Autonomous Romance
2118800004|        |preset_Mods.AutonomousRomance|Presets
2118800005|        |preset_AutonomousRomance|Presets
2118800006|        |preset_MCM_AR|Presets
2118800007|        |preset_value_mcm_ar_preset_default|Default (Moderate - 12 min)
2118800008|        |preset_value_mcm_ar_preset_active|Active (Frequent - 5 min)
2118800009|        |preset_value_mcm_ar_preset_relaxed|Relaxed (Low frequency - 20 min)
2118800010|        |preset_value_mcm_ar_preset_sandbox|Sandbox (Force Unlocked / Testing)
2118800011|        |preset_value_mcm_ar_preset_disabled|Disabled
2118800012|        |option_mcm_ar_opt_enabled|Enable Autonomous Romance
2118800013|        |option_MCM_AR_Enabled|Enable Autonomous Romance
2118800014|        |option_mcm_ar_opt_cooldown|Cooldown between initiatives (seconds)
2118800015|        |option_MCM_AR_CooldownSlider|Cooldown between initiatives (seconds)
2118800016|        |option_mcm_ar_opt_affinity|Affinity Multiplier (5=0.5x | 10=1.0x | 20=2.0x | 50=5.0x)
2118800017|        |option_MCM_AR_AffinityMult|Affinity Multiplier (5=0.5x | 10=1.0x | 20=2.0x | 50=5.0x)
2118800018|        |option_mcm_ar_opt_jealousy|Jealousy Mode (On=Jealousy / Off=Polyamory)
2118800019|        |option_MCM_AR_JealousyMode|Jealousy Mode (On=Jealousy / Off=Polyamory)
2118800020|        |option_mcm_ar_opt_force|Sandbox: Force Unlock All Romance Tiers (Bypass Affinity)
2118800021|        |option_MCM_AR_ForceRomance|Sandbox: Force Unlock All Romance Tiers (Bypass Affinity)
2118800022|        |option_mcm_ar_opt_consent|Require Player Consent [E] Prompt for Intimate Scenes
2118800023|        |option_MCM_AR_RequireConsent|Require Player Consent [E] Prompt for Intimate Scenes
2118800024|        |option_mcm_ar_opt_debug|Debug: Show Real-Time HUD Messages
2118800025|        |option_MCM_AR_DebugHud|Debug: Show Real-Time HUD Messages
